id,notice_id,parent_account_id,read_at
1,1,1,2026-05-03T18:02:00
2,1,2,2026-05-03T18:03:00
3,1,3,2026-05-03T18:04:00
4,1,5,2026-05-03T18:06:00
5,1,6,2026-05-03T18:07:00
6,1,7,2026-05-03T18:08:00
7,1,9,2026-05-03T18:10:00
8,1,10,2026-05-03T18:11:00
9,1,11,2026-05-03T18:12:00
10,1,13,2026-05-03T18:14:00
11,1,14,2026-05-03T18:15:00
12,1,15,2026-05-03T18:16:00
13,1,17,2026-05-03T18:18:00
14,1,18,2026-05-03T18:19:00
15,1,19,2026-05-03T18:20:00
16,1,21,2026-05-03T18:22:00
17,1,22,2026-05-03T18:23:00
18,1,23,2026-05-03T18:24:00
19,1,25,2026-05-03T18:26:00
20,1,26,2026-05-03T18:27:00
21,1,27,2026-05-03T18:28:00
22,1,29,2026-05-03T18:30:00
23,1,30,2026-05-03T18:31:00
24,1,31,2026-05-03T18:32:00
25,1,33,2026-05-03T18:34:00
26,1,34,2026-05-03T18:35:00
27,1,35,2026-05-03T18:36:00
28,1,37,2026-05-03T18:38:00
29,1,38,2026-05-03T18:39:00
30,1,39,2026-05-03T18:40:00
31,1,41,2026-05-03T18:42:00
32,1,42,2026-05-03T18:43:00
33,1,43,2026-05-03T18:44:00
34,1,45,2026-05-03T18:46:00
35,1,46,2026-05-03T18:47:00
36,1,47,2026-05-03T18:48:00
37,1,49,2026-05-03T18:50:00
38,1,50,2026-05-03T18:51:00
39,1,51,2026-05-03T18:52:00
40,1,53,2026-05-03T18:54:00
41,1,54,2026-05-03T18:55:00
42,1,55,2026-05-03T18:56:00
43,1,57,2026-05-03T18:58:00
44,1,58,2026-05-03T18:59:00
45,1,59,2026-05-03T18:00:00
46,1,61,2026-05-03T18:02:00
47,1,62,2026-05-03T18:03:00
48,1,63,2026-05-03T18:04:00
49,1,65,2026-05-03T18:06:00
50,1,66,2026-05-03T18:07:00
51,1,67,2026-05-03T18:08:00
52,1,69,2026-05-03T18:10:00
53,1,70,2026-05-03T18:11:00
54,1,71,2026-05-03T18:12:00
55,1,73,2026-05-03T18:14:00
56,1,74,2026-05-03T18:15:00
57,1,75,2026-05-03T18:16:00
58,1,77,2026-05-03T18:18:00
59,1,78,2026-05-03T18:19:00
60,1,79,2026-05-03T18:20:00
61,1,81,2026-05-03T18:22:00
62,1,82,2026-05-03T18:23:00
63,1,83,2026-05-03T18:24:00
64,1,85,2026-05-03T18:26:00
65,1,86,2026-05-03T18:27:00
66,1,87,2026-05-03T18:28:00
67,1,89,2026-05-03T18:30:00
68,1,90,2026-05-03T18:31:00
69,1,91,2026-05-03T18:32:00
70,1,93,2026-05-03T18:34:00
71,1,94,2026-05-03T18:35:00
72,1,95,2026-05-03T18:36:00
73,1,97,2026-05-03T18:38:00
74,1,98,2026-05-03T18:39:00
75,1,99,2026-05-03T18:40:00
76,1,101,2026-05-03T18:42:00
77,1,102,2026-05-03T18:43:00
78,1,103,2026-05-03T18:44:00
79,1,105,2026-05-03T18:46:00
80,1,106,2026-05-03T18:47:00
81,1,107,2026-05-03T18:48:00
82,1,109,2026-05-03T18:50:00
83,1,110,2026-05-03T18:51:00
84,1,111,2026-05-03T18:52:00
85,1,113,2026-05-03T18:54:00
86,1,114,2026-05-03T18:55:00
87,1,115,2026-05-03T18:56:00
88,1,117,2026-05-03T18:58:00
89,1,118,2026-05-03T18:59:00
90,1,119,2026-05-03T18:00:00
91,1,121,2026-05-03T18:02:00
92,1,122,2026-05-03T18:03:00
93,1,123,2026-05-03T18:04:00
94,1,125,2026-05-03T18:06:00
95,1,126,2026-05-03T18:07:00
96,1,127,2026-05-03T18:08:00
97,1,129,2026-05-03T18:10:00
98,1,130,2026-05-03T18:11:00
99,1,131,2026-05-03T18:12:00
100,1,133,2026-05-03T18:14:00
101,1,134,2026-05-03T18:15:00
102,1,135,2026-05-03T18:16:00
103,1,137,2026-05-03T18:18:00
104,1,138,2026-05-03T18:19:00
105,1,139,2026-05-03T18:20:00
106,1,141,2026-05-03T18:22:00
107,1,142,2026-05-03T18:23:00
108,1,143,2026-05-03T18:24:00
109,1,145,2026-05-03T18:26:00
110,1,146,2026-05-03T18:27:00
111,1,147,2026-05-03T18:28:00
112,1,149,2026-05-03T18:30:00
113,1,150,2026-05-03T18:31:00
114,1,151,2026-05-03T18:32:00
115,1,153,2026-05-03T18:34:00
116,1,154,2026-05-03T18:35:00
117,1,155,2026-05-03T18:36:00
118,2,1,2026-05-04T18:03:00
119,2,2,2026-05-04T18:04:00
120,2,4,2026-05-04T18:06:00
121,2,5,2026-05-04T18:07:00
122,2,7,2026-05-04T18:09:00
123,2,8,2026-05-04T18:10:00
124,2,10,2026-05-04T18:12:00
125,2,11,2026-05-04T18:13:00
126,2,13,2026-05-04T18:15:00
127,2,14,2026-05-04T18:16:00
128,2,16,2026-05-04T18:18:00
129,2,17,2026-05-04T18:19:00
130,2,19,2026-05-04T18:21:00
131,2,20,2026-05-04T18:22:00
132,2,22,2026-05-04T18:24:00
133,2,23,2026-05-04T18:25:00
134,2,25,2026-05-04T18:27:00
135,2,26,2026-05-04T18:28:00
136,2,28,2026-05-04T18:30:00
137,2,29,2026-05-04T18:31:00
138,2,31,2026-05-04T18:33:00
139,2,32,2026-05-04T18:34:00
140,2,34,2026-05-04T18:36:00
141,2,35,2026-05-04T18:37:00
142,2,37,2026-05-04T18:39:00
143,2,38,2026-05-04T18:40:00
144,2,40,2026-05-04T18:42:00
145,2,41,2026-05-04T18:43:00
146,2,43,2026-05-04T18:45:00
147,2,44,2026-05-04T18:46:00
148,2,46,2026-05-04T18:48:00
149,2,47,2026-05-04T18:49:00
150,2,49,2026-05-04T18:51:00
151,2,50,2026-05-04T18:52:00
152,2,52,2026-05-04T18:54:00
153,2,53,2026-05-04T18:55:00
154,2,55,2026-05-04T18:57:00
155,2,56,2026-05-04T18:58:00
156,2,58,2026-05-04T18:00:00
157,2,59,2026-05-04T18:01:00
158,2,61,2026-05-04T18:03:00
159,2,62,2026-05-04T18:04:00
160,2,64,2026-05-04T18:06:00
161,2,65,2026-05-04T18:07:00
162,2,67,2026-05-04T18:09:00
163,2,68,2026-05-04T18:10:00
164,2,70,2026-05-04T18:12:00
165,2,71,2026-05-04T18:13:00
166,2,73,2026-05-04T18:15:00
167,2,74,2026-05-04T18:16:00
168,2,76,2026-05-04T18:18:00
169,2,77,2026-05-04T18:19:00
170,2,79,2026-05-04T18:21:00
171,2,80,2026-05-04T18:22:00
172,2,82,2026-05-04T18:24:00
173,2,83,2026-05-04T18:25:00
174,2,85,2026-05-04T18:27:00
175,2,86,2026-05-04T18:28:00
176,2,88,2026-05-04T18:30:00
177,2,89,2026-05-04T18:31:00
178,2,91,2026-05-04T18:33:00
179,2,92,2026-05-04T18:34:00
180,2,94,2026-05-04T18:36:00
181,2,95,2026-05-04T18:37:00
182,2,97,2026-05-04T18:39:00
183,2,98,2026-05-04T18:40:00
184,2,100,2026-05-04T18:42:00
185,2,101,2026-05-04T18:43:00
186,2,103,2026-05-04T18:45:00
187,2,104,2026-05-04T18:46:00
188,2,106,2026-05-04T18:48:00
189,2,107,2026-05-04T18:49:00
190,2,109,2026-05-04T18:51:00
191,2,110,2026-05-04T18:52:00
192,2,112,2026-05-04T18:54:00
193,2,113,2026-05-04T18:55:00
194,2,115,2026-05-04T18:57:00
195,2,116,2026-05-04T18:58:00
196,2,118,2026-05-04T18:00:00
197,2,119,2026-05-04T18:01:00
198,2,121,2026-05-04T18:03:00
199,2,122,2026-05-04T18:04:00
200,2,124,2026-05-04T18:06:00
201,2,125,2026-05-04T18:07:00
202,2,127,2026-05-04T18:09:00
203,2,128,2026-05-04T18:10:00
204,2,130,2026-05-04T18:12:00
205,2,131,2026-05-04T18:13:00
206,2,133,2026-05-04T18:15:00
207,2,134,2026-05-04T18:16:00
208,2,136,2026-05-04T18:18:00
209,2,137,2026-05-04T18:19:00
210,2,139,2026-05-04T18:21:00
211,2,140,2026-05-04T18:22:00
212,2,142,2026-05-04T18:24:00
213,2,143,2026-05-04T18:25:00
214,2,145,2026-05-04T18:27:00
215,2,146,2026-05-04T18:28:00
216,2,148,2026-05-04T18:30:00
217,2,149,2026-05-04T18:31:00
218,2,151,2026-05-04T18:33:00
219,2,152,2026-05-04T18:34:00
220,2,154,2026-05-04T18:36:00
221,2,155,2026-05-04T18:37:00
222,3,1,2026-05-05T18:04:00
223,3,2,2026-05-05T18:05:00
224,3,3,2026-05-05T18:06:00
225,3,5,2026-05-05T18:08:00
226,3,6,2026-05-05T18:09:00
227,3,7,2026-05-05T18:10:00
228,3,9,2026-05-05T18:12:00
229,3,10,2026-05-05T18:13:00
230,3,11,2026-05-05T18:14:00
231,3,13,2026-05-05T18:16:00
232,3,14,2026-05-05T18:17:00
233,3,15,2026-05-05T18:18:00
234,3,17,2026-05-05T18:20:00
235,3,18,2026-05-05T18:21:00
236,3,19,2026-05-05T18:22:00
237,3,21,2026-05-05T18:24:00
238,3,22,2026-05-05T18:25:00
239,3,23,2026-05-05T18:26:00
240,3,25,2026-05-05T18:28:00
241,3,26,2026-05-05T18:29:00
242,3,27,2026-05-05T18:30:00
243,3,29,2026-05-05T18:32:00
244,3,30,2026-05-05T18:33:00
245,3,31,2026-05-05T18:34:00
246,3,33,2026-05-05T18:36:00
247,3,34,2026-05-05T18:37:00
248,3,35,2026-05-05T18:38:00
249,3,37,2026-05-05T18:40:00
250,3,38,2026-05-05T18:41:00
251,3,39,2026-05-05T18:42:00
252,3,41,2026-05-05T18:44:00
253,3,42,2026-05-05T18:45:00
254,3,43,2026-05-05T18:46:00
255,3,45,2026-05-05T18:48:00
256,3,46,2026-05-05T18:49:00
257,3,47,2026-05-05T18:50:00
258,3,49,2026-05-05T18:52:00
259,3,50,2026-05-05T18:53:00
260,3,51,2026-05-05T18:54:00
261,3,53,2026-05-05T18:56:00
262,3,54,2026-05-05T18:57:00
263,3,55,2026-05-05T18:58:00
264,3,57,2026-05-05T18:00:00
265,3,58,2026-05-05T18:01:00
266,3,59,2026-05-05T18:02:00
267,3,61,2026-05-05T18:04:00
268,3,62,2026-05-05T18:05:00
269,3,63,2026-05-05T18:06:00
270,3,65,2026-05-05T18:08:00
271,3,66,2026-05-05T18:09:00
272,3,67,2026-05-05T18:10:00
273,3,69,2026-05-05T18:12:00
274,3,70,2026-05-05T18:13:00
275,3,71,2026-05-05T18:14:00
276,3,73,2026-05-05T18:16:00
277,3,74,2026-05-05T18:17:00
278,3,75,2026-05-05T18:18:00
279,3,77,2026-05-05T18:20:00
280,3,78,2026-05-05T18:21:00
281,3,79,2026-05-05T18:22:00
282,3,81,2026-05-05T18:24:00
283,3,82,2026-05-05T18:25:00
284,3,83,2026-05-05T18:26:00
285,3,85,2026-05-05T18:28:00
286,3,86,2026-05-05T18:29:00
287,3,87,2026-05-05T18:30:00
288,3,89,2026-05-05T18:32:00
289,3,90,2026-05-05T18:33:00
290,3,91,2026-05-05T18:34:00
291,3,93,2026-05-05T18:36:00
292,3,94,2026-05-05T18:37:00
293,3,95,2026-05-05T18:38:00
294,3,97,2026-05-05T18:40:00
295,3,98,2026-05-05T18:41:00
296,3,99,2026-05-05T18:42:00
297,3,101,2026-05-05T18:44:00
298,3,102,2026-05-05T18:45:00
299,3,103,2026-05-05T18:46:00
300,3,105,2026-05-05T18:48:00
301,3,106,2026-05-05T18:49:00
302,3,107,2026-05-05T18:50:00
303,3,109,2026-05-05T18:52:00
304,3,110,2026-05-05T18:53:00
305,3,111,2026-05-05T18:54:00
306,3,113,2026-05-05T18:56:00
307,3,114,2026-05-05T18:57:00
308,3,115,2026-05-05T18:58:00
309,3,117,2026-05-05T18:00:00
310,3,118,2026-05-05T18:01:00
311,3,119,2026-05-05T18:02:00
312,3,121,2026-05-05T18:04:00
313,3,122,2026-05-05T18:05:00
314,3,123,2026-05-05T18:06:00
315,3,125,2026-05-05T18:08:00
316,3,126,2026-05-05T18:09:00
317,3,127,2026-05-05T18:10:00
318,3,129,2026-05-05T18:12:00
319,3,130,2026-05-05T18:13:00
320,3,131,2026-05-05T18:14:00
321,3,133,2026-05-05T18:16:00
322,3,134,2026-05-05T18:17:00
323,3,135,2026-05-05T18:18:00
324,3,137,2026-05-05T18:20:00
325,3,138,2026-05-05T18:21:00
326,3,139,2026-05-05T18:22:00
327,3,141,2026-05-05T18:24:00
328,3,142,2026-05-05T18:25:00
329,3,143,2026-05-05T18:26:00
330,3,145,2026-05-05T18:28:00
331,3,146,2026-05-05T18:29:00
332,3,147,2026-05-05T18:30:00
333,3,149,2026-05-05T18:32:00
334,3,150,2026-05-05T18:33:00
335,3,151,2026-05-05T18:34:00
336,3,153,2026-05-05T18:36:00
337,3,154,2026-05-05T18:37:00
338,3,155,2026-05-05T18:38:00
339,5,1,2026-05-07T18:06:00
340,5,2,2026-05-07T18:07:00
341,5,3,2026-05-07T18:08:00
342,5,5,2026-05-07T18:10:00
343,5,6,2026-05-07T18:11:00
344,5,7,2026-05-07T18:12:00
345,5,9,2026-05-07T18:14:00
346,5,10,2026-05-07T18:15:00
347,5,11,2026-05-07T18:16:00
348,5,13,2026-05-07T18:18:00
349,5,14,2026-05-07T18:19:00
350,5,15,2026-05-07T18:20:00
351,5,17,2026-05-07T18:22:00
352,5,18,2026-05-07T18:23:00
353,5,19,2026-05-07T18:24:00
354,5,21,2026-05-07T18:26:00
355,5,22,2026-05-07T18:27:00
356,5,23,2026-05-07T18:28:00
357,5,25,2026-05-07T18:30:00
358,5,26,2026-05-07T18:31:00
359,5,27,2026-05-07T18:32:00
360,5,29,2026-05-07T18:34:00
361,5,30,2026-05-07T18:35:00
362,5,31,2026-05-07T18:36:00
363,5,33,2026-05-07T18:38:00
364,5,34,2026-05-07T18:39:00
365,5,35,2026-05-07T18:40:00
366,5,37,2026-05-07T18:42:00
367,5,38,2026-05-07T18:43:00
368,5,39,2026-05-07T18:44:00
369,5,41,2026-05-07T18:46:00
370,5,42,2026-05-07T18:47:00
371,5,43,2026-05-07T18:48:00
372,5,45,2026-05-07T18:50:00
373,5,46,2026-05-07T18:51:00
374,5,47,2026-05-07T18:52:00
375,5,49,2026-05-07T18:54:00
376,5,50,2026-05-07T18:55:00
377,5,51,2026-05-07T18:56:00
378,5,53,2026-05-07T18:58:00
379,5,54,2026-05-07T18:59:00
380,5,55,2026-05-07T18:00:00
381,5,57,2026-05-07T18:02:00
382,5,58,2026-05-07T18:03:00
383,5,59,2026-05-07T18:04:00
384,5,61,2026-05-07T18:06:00
385,5,62,2026-05-07T18:07:00
386,5,63,2026-05-07T18:08:00
387,5,65,2026-05-07T18:10:00
388,5,66,2026-05-07T18:11:00
389,5,67,2026-05-07T18:12:00
390,5,69,2026-05-07T18:14:00
391,5,70,2026-05-07T18:15:00
392,5,71,2026-05-07T18:16:00
393,5,73,2026-05-07T18:18:00
394,5,74,2026-05-07T18:19:00
395,5,75,2026-05-07T18:20:00
396,5,77,2026-05-07T18:22:00
397,5,78,2026-05-07T18:23:00
398,5,79,2026-05-07T18:24:00
399,5,81,2026-05-07T18:26:00
400,5,82,2026-05-07T18:27:00
401,5,83,2026-05-07T18:28:00
402,5,85,2026-05-07T18:30:00
403,5,86,2026-05-07T18:31:00
404,5,87,2026-05-07T18:32:00
405,5,89,2026-05-07T18:34:00
406,5,90,2026-05-07T18:35:00
407,5,91,2026-05-07T18:36:00
408,5,93,2026-05-07T18:38:00
409,5,94,2026-05-07T18:39:00
410,5,95,2026-05-07T18:40:00
411,5,97,2026-05-07T18:42:00
412,5,98,2026-05-07T18:43:00
413,5,99,2026-05-07T18:44:00
414,5,101,2026-05-07T18:46:00
415,5,102,2026-05-07T18:47:00
416,5,103,2026-05-07T18:48:00
417,5,105,2026-05-07T18:50:00
418,5,106,2026-05-07T18:51:00
419,5,107,2026-05-07T18:52:00
420,5,109,2026-05-07T18:54:00
421,5,110,2026-05-07T18:55:00
422,5,111,2026-05-07T18:56:00
423,5,113,2026-05-07T18:58:00
424,5,114,2026-05-07T18:59:00
425,5,115,2026-05-07T18:00:00
426,5,117,2026-05-07T18:02:00
427,5,118,2026-05-07T18:03:00
428,5,119,2026-05-07T18:04:00
429,5,121,2026-05-07T18:06:00
430,5,122,2026-05-07T18:07:00
431,5,123,2026-05-07T18:08:00
432,5,125,2026-05-07T18:10:00
433,5,126,2026-05-07T18:11:00
434,5,127,2026-05-07T18:12:00
435,5,129,2026-05-07T18:14:00
436,5,130,2026-05-07T18:15:00
437,5,131,2026-05-07T18:16:00
438,5,133,2026-05-07T18:18:00
439,5,134,2026-05-07T18:19:00
440,5,135,2026-05-07T18:20:00
441,5,137,2026-05-07T18:22:00
442,5,138,2026-05-07T18:23:00
443,5,139,2026-05-07T18:24:00
444,5,141,2026-05-07T18:26:00
445,5,142,2026-05-07T18:27:00
446,5,143,2026-05-07T18:28:00
447,5,145,2026-05-07T18:30:00
448,5,146,2026-05-07T18:31:00
449,5,147,2026-05-07T18:32:00
450,5,149,2026-05-07T18:34:00
451,5,150,2026-05-07T18:35:00
452,5,151,2026-05-07T18:36:00
453,5,153,2026-05-07T18:38:00
454,5,154,2026-05-07T18:39:00
455,5,155,2026-05-07T18:40:00
456,7,1,2026-05-09T18:08:00
457,7,2,2026-05-09T18:09:00
458,7,3,2026-05-09T18:10:00
459,7,5,2026-05-09T18:12:00
460,7,6,2026-05-09T18:13:00
461,7,7,2026-05-09T18:14:00
462,7,9,2026-05-09T18:16:00
463,7,10,2026-05-09T18:17:00
464,7,11,2026-05-09T18:18:00
465,7,13,2026-05-09T18:20:00
466,7,14,2026-05-09T18:21:00
467,7,15,2026-05-09T18:22:00
468,7,17,2026-05-09T18:24:00
469,7,18,2026-05-09T18:25:00
470,7,19,2026-05-09T18:26:00
471,7,21,2026-05-09T18:28:00
472,7,22,2026-05-09T18:29:00
473,7,23,2026-05-09T18:30:00
474,7,25,2026-05-09T18:32:00
475,7,26,2026-05-09T18:33:00
476,7,27,2026-05-09T18:34:00
477,7,29,2026-05-09T18:36:00
478,7,30,2026-05-09T18:37:00
479,7,31,2026-05-09T18:38:00
480,7,33,2026-05-09T18:40:00
481,7,34,2026-05-09T18:41:00
482,7,35,2026-05-09T18:42:00
483,7,37,2026-05-09T18:44:00
484,7,38,2026-05-09T18:45:00
485,7,39,2026-05-09T18:46:00
486,7,41,2026-05-09T18:48:00
487,7,42,2026-05-09T18:49:00
488,7,43,2026-05-09T18:50:00
489,7,45,2026-05-09T18:52:00
490,7,46,2026-05-09T18:53:00
491,7,47,2026-05-09T18:54:00
492,7,49,2026-05-09T18:56:00
493,7,50,2026-05-09T18:57:00
494,7,51,2026-05-09T18:58:00
495,7,53,2026-05-09T18:00:00
496,7,54,2026-05-09T18:01:00
497,7,55,2026-05-09T18:02:00
498,7,57,2026-05-09T18:04:00
499,7,58,2026-05-09T18:05:00
500,7,59,2026-05-09T18:06:00
501,7,61,2026-05-09T18:08:00
502,7,62,2026-05-09T18:09:00
503,7,63,2026-05-09T18:10:00
504,7,65,2026-05-09T18:12:00
505,7,66,2026-05-09T18:13:00
506,7,67,2026-05-09T18:14:00
507,7,69,2026-05-09T18:16:00
508,7,70,2026-05-09T18:17:00
509,7,71,2026-05-09T18:18:00
510,7,73,2026-05-09T18:20:00
511,7,74,2026-05-09T18:21:00
512,7,75,2026-05-09T18:22:00
513,7,77,2026-05-09T18:24:00
514,7,78,2026-05-09T18:25:00
515,7,79,2026-05-09T18:26:00
516,7,81,2026-05-09T18:28:00
517,7,82,2026-05-09T18:29:00
518,7,83,2026-05-09T18:30:00
519,7,85,2026-05-09T18:32:00
520,7,86,2026-05-09T18:33:00
521,7,87,2026-05-09T18:34:00
522,7,89,2026-05-09T18:36:00
523,7,90,2026-05-09T18:37:00
524,7,91,2026-05-09T18:38:00
525,7,93,2026-05-09T18:40:00
526,7,94,2026-05-09T18:41:00
527,7,95,2026-05-09T18:42:00
528,7,97,2026-05-09T18:44:00
529,7,98,2026-05-09T18:45:00
530,7,99,2026-05-09T18:46:00
531,7,101,2026-05-09T18:48:00
532,7,102,2026-05-09T18:49:00
533,7,103,2026-05-09T18:50:00
534,7,105,2026-05-09T18:52:00
535,7,106,2026-05-09T18:53:00
536,7,107,2026-05-09T18:54:00
537,7,109,2026-05-09T18:56:00
538,7,110,2026-05-09T18:57:00
539,7,111,2026-05-09T18:58:00
540,7,113,2026-05-09T18:00:00
541,7,114,2026-05-09T18:01:00
542,7,115,2026-05-09T18:02:00
543,7,117,2026-05-09T18:04:00
544,7,118,2026-05-09T18:05:00
545,7,119,2026-05-09T18:06:00
546,7,121,2026-05-09T18:08:00
547,7,122,2026-05-09T18:09:00
548,7,123,2026-05-09T18:10:00
549,7,125,2026-05-09T18:12:00
550,7,126,2026-05-09T18:13:00
551,7,127,2026-05-09T18:14:00
552,7,129,2026-05-09T18:16:00
553,7,130,2026-05-09T18:17:00
554,7,131,2026-05-09T18:18:00
555,7,133,2026-05-09T18:20:00
556,7,134,2026-05-09T18:21:00
557,7,135,2026-05-09T18:22:00
558,7,137,2026-05-09T18:24:00
559,7,138,2026-05-09T18:25:00
560,7,139,2026-05-09T18:26:00
561,7,141,2026-05-09T18:28:00
562,7,142,2026-05-09T18:29:00
563,7,143,2026-05-09T18:30:00
564,7,145,2026-05-09T18:32:00
565,7,146,2026-05-09T18:33:00
566,7,147,2026-05-09T18:34:00
567,7,149,2026-05-09T18:36:00
568,7,150,2026-05-09T18:37:00
569,7,151,2026-05-09T18:38:00
570,7,153,2026-05-09T18:40:00
571,7,154,2026-05-09T18:41:00
572,7,155,2026-05-09T18:42:00
573,8,1,2026-05-10T18:09:00
574,8,2,2026-05-10T18:10:00
575,8,4,2026-05-10T18:12:00
576,8,5,2026-05-10T18:13:00
577,8,7,2026-05-10T18:15:00
578,8,8,2026-05-10T18:16:00
579,8,10,2026-05-10T18:18:00
580,8,11,2026-05-10T18:19:00
581,8,13,2026-05-10T18:21:00
582,8,14,2026-05-10T18:22:00
583,8,16,2026-05-10T18:24:00
584,8,17,2026-05-10T18:25:00
585,8,19,2026-05-10T18:27:00
586,8,20,2026-05-10T18:28:00
587,8,22,2026-05-10T18:30:00
588,8,23,2026-05-10T18:31:00
589,8,25,2026-05-10T18:33:00
590,8,26,2026-05-10T18:34:00
591,8,28,2026-05-10T18:36:00
592,8,29,2026-05-10T18:37:00
593,8,31,2026-05-10T18:39:00
594,8,32,2026-05-10T18:40:00
595,8,34,2026-05-10T18:42:00
596,8,35,2026-05-10T18:43:00
597,8,37,2026-05-10T18:45:00
598,8,38,2026-05-10T18:46:00
599,8,40,2026-05-10T18:48:00
600,8,41,2026-05-10T18:49:00
601,8,43,2026-05-10T18:51:00
602,8,44,2026-05-10T18:52:00
603,8,46,2026-05-10T18:54:00
604,8,47,2026-05-10T18:55:00
605,8,49,2026-05-10T18:57:00
606,8,50,2026-05-10T18:58:00
607,8,52,2026-05-10T18:00:00
608,8,53,2026-05-10T18:01:00
609,8,55,2026-05-10T18:03:00
610,8,56,2026-05-10T18:04:00
611,8,58,2026-05-10T18:06:00
612,8,59,2026-05-10T18:07:00
613,8,61,2026-05-10T18:09:00
614,8,62,2026-05-10T18:10:00
615,8,64,2026-05-10T18:12:00
616,8,65,2026-05-10T18:13:00
617,8,67,2026-05-10T18:15:00
618,8,68,2026-05-10T18:16:00
619,8,70,2026-05-10T18:18:00
620,8,71,2026-05-10T18:19:00
621,8,73,2026-05-10T18:21:00
622,8,74,2026-05-10T18:22:00
623,8,76,2026-05-10T18:24:00
624,8,77,2026-05-10T18:25:00
625,8,79,2026-05-10T18:27:00
626,8,80,2026-05-10T18:28:00
627,8,82,2026-05-10T18:30:00
628,8,83,2026-05-10T18:31:00
629,8,85,2026-05-10T18:33:00
630,8,86,2026-05-10T18:34:00
631,8,88,2026-05-10T18:36:00
632,8,89,2026-05-10T18:37:00
633,8,91,2026-05-10T18:39:00
634,8,92,2026-05-10T18:40:00
635,8,94,2026-05-10T18:42:00
636,8,95,2026-05-10T18:43:00
637,8,97,2026-05-10T18:45:00
638,8,98,2026-05-10T18:46:00
639,8,100,2026-05-10T18:48:00
640,8,101,2026-05-10T18:49:00
641,8,103,2026-05-10T18:51:00
642,8,104,2026-05-10T18:52:00
643,8,106,2026-05-10T18:54:00
644,8,107,2026-05-10T18:55:00
645,8,109,2026-05-10T18:57:00
646,8,110,2026-05-10T18:58:00
647,8,112,2026-05-10T18:00:00
648,8,113,2026-05-10T18:01:00
649,8,115,2026-05-10T18:03:00
650,8,116,2026-05-10T18:04:00
651,8,118,2026-05-10T18:06:00
652,8,119,2026-05-10T18:07:00
653,8,121,2026-05-10T18:09:00
654,8,122,2026-05-10T18:10:00
655,8,124,2026-05-10T18:12:00
656,8,125,2026-05-10T18:13:00
657,8,127,2026-05-10T18:15:00
658,8,128,2026-05-10T18:16:00
659,8,130,2026-05-10T18:18:00
660,8,131,2026-05-10T18:19:00
661,8,133,2026-05-10T18:21:00
662,8,134,2026-05-10T18:22:00
663,8,136,2026-05-10T18:24:00
664,8,137,2026-05-10T18:25:00
665,8,139,2026-05-10T18:27:00
666,8,140,2026-05-10T18:28:00
667,8,142,2026-05-10T18:30:00
668,8,143,2026-05-10T18:31:00
669,8,145,2026-05-10T18:33:00
670,8,146,2026-05-10T18:34:00
671,8,148,2026-05-10T18:36:00
672,8,149,2026-05-10T18:37:00
673,8,151,2026-05-10T18:39:00
674,8,152,2026-05-10T18:40:00
675,8,154,2026-05-10T18:42:00
676,8,155,2026-05-10T18:43:00
